{"cameraMode":{"drawMode":0,"name":"Shaded","section":"Shading Mode"},"sceneLighting":false,"audioPlay":false,"sceneViewState":{"m_AlwaysRefresh":false,"showFog":true,"showSkybox":false,"showFlares":true,"showImageEffects":true,"showParticleSystems":true,"showVisualEffectGraphs":true,"m_FxEnabled":true},"in2DMode":false,"pivot":{"x":-0.1165776252746582,"y":-0.13433735072612763,"z":-0.024822235107421876},"rotation":{"x":0.08554843068122864,"y":-0.6434888243675232,"z":0.07269499450922013,"w":0.7571914792060852},"size":111.25689697265625,"orthographic":true}